{"cameraMode":{"drawMode":0,"name":"Shaded","section":"Shading Mode"},"sceneLighting":false,"audioPlay":false,"sceneViewState":{"showFog":true,"showMaterialUpdate":false,"showSkybox":false,"showFlares":true,"showImageEffects":true,"showParticleSystems":true,"showVisualEffectGraphs":true,"m_FxEnabled":true},"in2DMode":false,"pivot":{"x":1.00710928440094,"y":0.32873719930648806,"z":-0.17516136169433595},"rotation":{"x":-0.08869478851556778,"y":-0.0038898952770978214,"z":0.00035008162376470864,"w":-0.9960771799087524},"size":2.0565693378448488,"orthographic":false}