{"cameraMode":{"drawMode":0,"name":"Shaded","section":"Shading Mode"},"sceneLighting":false,"audioPlay":false,"sceneViewState":{"showFog":true,"showMaterialUpdate":false,"showSkybox":false,"showFlares":true,"showImageEffects":true,"showParticleSystems":true,"showVisualEffectGraphs":true,"m_FxEnabled":true},"in2DMode":false,"pivot":{"x":0.040497321635484698,"y":0.6024372577667236,"z":-0.3252522051334381},"rotation":{"x":-0.17933650314807893,"y":0.006486842408776283,"z":-0.0011853952892124653,"w":-0.9837985038757324},"size":0.6020888090133667,"orthographic":false}