{"cameraMode":{"drawMode":0,"name":"Shaded","section":"Shading Mode"},"sceneLighting":false,"audioPlay":false,"sceneViewState":{"showFog":true,"showMaterialUpdate":false,"showSkybox":false,"showFlares":true,"showImageEffects":true,"showParticleSystems":true,"showVisualEffectGraphs":true,"m_FxEnabled":true},"in2DMode":false,"pivot":{"x":-5.536434173583984,"y":20.179948806762697,"z":6.9532470703125},"rotation":{"x":-0.03030567616224289,"y":-0.0009043217287398875,"z":0.000027371390387997963,"w":-0.9995614886283875},"size":13.608617782592774,"orthographic":false}