{"cameraMode":{"drawMode":0,"name":"Shaded","section":"Shading Mode"},"sceneLighting":false,"audioPlay":false,"sceneViewState":{"showFog":true,"showMaterialUpdate":false,"showSkybox":false,"showFlares":true,"showImageEffects":true,"showParticleSystems":true,"showVisualEffectGraphs":true,"m_FxEnabled":true},"in2DMode":false,"pivot":{"x":1.2699999809265137,"y":3.1419975757598879,"z":-1.1920928955078126e-7},"rotation":{"x":-0.04379735887050629,"y":-0.0009052268578670919,"z":0.00003503764310153201,"w":-0.9990703463554382},"size":3.7971832752227785,"orthographic":false}