{"cameraMode":{"drawMode":0,"name":"Shaded","section":"Shading Mode"},"sceneLighting":false,"audioPlay":false,"sceneViewState":{"showFog":true,"showMaterialUpdate":false,"showSkybox":false,"showFlares":true,"showImageEffects":true,"showParticleSystems":true,"showVisualEffectGraphs":true,"m_FxEnabled":true},"in2DMode":false,"pivot":{"x":-2.302248001098633,"y":6.189270973205566,"z":1.5644826889038087},"rotation":{"x":-0.0003096094587817788,"y":-0.005404757335782051,"z":0.0000013337015616343706,"w":-1.0000061988830567},"size":11.403539657592774,"orthographic":false}