{"cameraMode":{"drawMode":0,"name":"Shaded","section":"Shading Mode"},"sceneLighting":false,"audioPlay":false,"sceneViewState":{"showFog":true,"showMaterialUpdate":false,"showSkybox":false,"showFlares":true,"showImageEffects":true,"showParticleSystems":true,"showVisualEffectGraphs":true,"m_FxEnabled":true},"in2DMode":false,"pivot":{"x":126.23163604736328,"y":-0.24231088161468507,"z":3.5162668228149416},"rotation":{"x":-0.08868201076984406,"y":-0.01583990640938282,"z":0.0014105269219726325,"w":-0.9959367513656616},"size":2.817780017852783,"orthographic":false}