{"cameraMode":{"drawMode":0,"name":"Shaded","section":"Shading Mode"},"sceneLighting":false,"audioPlay":false,"sceneViewState":{"showFog":true,"showMaterialUpdate":false,"showSkybox":false,"showFlares":true,"showImageEffects":true,"showParticleSystems":true,"showVisualEffectGraphs":true,"m_FxEnabled":true},"in2DMode":false,"pivot":{"x":-2.3284504413604738,"y":-3.123871326446533,"z":1.0108757019042969},"rotation":{"x":-0.14529390633106233,"y":0.002073579467833042,"z":-0.00030674494337290525,"w":-0.9893935322761536},"size":8.103863716125489,"orthographic":false}