{"cameraMode":{"drawMode":0,"name":"Shaded","section":"Shading Mode"},"sceneLighting":true,"audioPlay":false,"sceneViewState":{"showFog":true,"showMaterialUpdate":false,"showSkybox":true,"showFlares":true,"showImageEffects":true,"showParticleSystems":true,"showVisualEffectGraphs":true,"m_FxEnabled":true},"in2DMode":false,"pivot":{"x":10.052362442016602,"y":12.088624954223633,"z":-5.515193939208984},"rotation":{"x":-0.07797089219093323,"y":-0.08156684786081314,"z":0.006393741816282272,"w":-0.9936256408691406},"size":31.22541046142578,"orthographic":false}