{"cameraMode":{"drawMode":0,"name":"Shaded","section":"Shading Mode"},"sceneLighting":false,"audioPlay":false,"sceneViewState":{"showFog":true,"showMaterialUpdate":false,"showSkybox":false,"showFlares":true,"showImageEffects":true,"showParticleSystems":true,"showVisualEffectGraphs":true,"m_FxEnabled":true},"in2DMode":false,"pivot":{"x":0.4287593364715576,"y":0.939385175704956,"z":0.6743741035461426},"rotation":{"x":-0.059185538440942767,"y":-0.2857997417449951,"z":0.01768682897090912,"w":-0.9563197493553162},"size":2.8457369804382326,"orthographic":false}