{"cameraMode":{"drawMode":0,"name":"Shaded","section":"Shading Mode"},"sceneLighting":false,"audioPlay":false,"sceneViewState":{"showFog":true,"showMaterialUpdate":false,"showSkybox":false,"showFlares":true,"showImageEffects":true,"showParticleSystems":true,"showVisualEffectGraphs":true,"m_FxEnabled":true},"in2DMode":false,"pivot":{"x":0.6929112672805786,"y":0.06361925601959229,"z":0.8877568244934082},"rotation":{"x":-0.1480257362127304,"y":-0.0557505302131176,"z":0.008358298800885678,"w":-0.9873793721199036},"size":4.2133989334106449,"orthographic":false}