{"cameraMode":{"drawMode":0,"name":"Shaded","section":"Shading Mode"},"sceneLighting":false,"audioPlay":false,"sceneViewState":{"showFog":true,"showMaterialUpdate":false,"showSkybox":false,"showFlares":true,"showImageEffects":true,"showParticleSystems":true,"showVisualEffectGraphs":true,"m_FxEnabled":true},"in2DMode":false,"pivot":{"x":-6.863741874694824,"y":1.9463379383087159,"z":3.6369075775146486},"rotation":{"x":-0.11252907663583756,"y":-0.027724308893084527,"z":0.0031410774681717159,"w":-0.9932778477668762},"size":7.895430564880371,"orthographic":false}