{"cameraMode":{"drawMode":0,"name":"Shaded","section":"Shading Mode"},"sceneLighting":false,"audioPlay":false,"sceneViewState":{"showFog":true,"showMaterialUpdate":false,"showSkybox":false,"showFlares":true,"showImageEffects":true,"showParticleSystems":true,"showVisualEffectGraphs":true,"m_FxEnabled":true},"in2DMode":false,"pivot":{"x":-2.3202996253967287,"y":0.21867036819458009,"z":10.640087127685547},"rotation":{"x":-0.09466216713190079,"y":-0.01135259959846735,"z":0.001077284337952733,"w":-0.9954526424407959},"size":14.150861740112305,"orthographic":false}