{"cameraMode":{"drawMode":0,"name":"Shaded","section":"Shading Mode"},"sceneLighting":false,"audioPlay":false,"sceneViewState":{"showFog":true,"showMaterialUpdate":false,"showSkybox":false,"showFlares":true,"showImageEffects":true,"showParticleSystems":true,"showVisualEffectGraphs":true,"m_FxEnabled":true},"in2DMode":false,"pivot":{"x":-0.07638268917798996,"y":-3.4153594970703127,"z":-1.3271598815917969},"rotation":{"x":-0.6192691922187805,"y":-0.005421485286206007,"z":0.00427798880264163,"w":-0.7851817011833191},"size":4.113950729370117,"orthographic":false}