{"cameraMode":{"drawMode":0,"name":"Shaded","section":"Shading Mode"},"sceneLighting":false,"audioPlay":false,"sceneViewState":{"showFog":true,"showMaterialUpdate":false,"showSkybox":false,"showFlares":true,"showImageEffects":true,"showParticleSystems":true,"showVisualEffectGraphs":true,"m_FxEnabled":true},"in2DMode":false,"pivot":{"x":0.16310113668441773,"y":5.765255928039551,"z":3.9753246307373049},"rotation":{"x":-0.03479902073740959,"y":0.01408714521676302,"z":-0.0004926391411572695,"w":-0.999301552772522},"size":7.5226969718933109,"orthographic":false}