{"cameraMode":{"drawMode":0,"name":"Shaded","section":"Shading Mode"},"sceneLighting":false,"audioPlay":false,"sceneViewState":{"showFog":true,"showMaterialUpdate":false,"showSkybox":false,"showFlares":true,"showImageEffects":true,"showParticleSystems":true,"showVisualEffectGraphs":true,"m_FxEnabled":true},"in2DMode":false,"pivot":{"x":2.9565134048461916,"y":-15.992114067077637,"z":-2.6582489013671877},"rotation":{"x":-0.16269119083881379,"y":-0.14828643202781678,"z":0.024739999324083329,"w":-0.9751797318458557},"size":26.922025680541993,"orthographic":false}