{"cameraMode":{"drawMode":0,"name":"Shaded","section":"Shading Mode"},"sceneLighting":false,"audioPlay":false,"sceneViewState":{"showFog":true,"showMaterialUpdate":false,"showSkybox":false,"showFlares":true,"showImageEffects":true,"showParticleSystems":true,"showVisualEffectGraphs":true,"m_FxEnabled":true},"in2DMode":false,"pivot":{"x":1.139121651649475,"y":4.2033514976501469,"z":0.1782550811767578},"rotation":{"x":-0.030288297683000566,"y":-0.03388338163495064,"z":0.0010272548533976079,"w":-0.9989876747131348},"size":9.913512229919434,"orthographic":false}