{"cameraMode":{"drawMode":0,"name":"Shaded","section":"Shading Mode"},"sceneLighting":false,"audioPlay":false,"sceneViewState":{"showFog":true,"showMaterialUpdate":false,"showSkybox":false,"showFlares":true,"showImageEffects":true,"showParticleSystems":true,"showVisualEffectGraphs":true,"m_FxEnabled":true},"in2DMode":false,"pivot":{"x":4.661372661590576,"y":0.3958926200866699,"z":1.6200165748596192},"rotation":{"x":-0.1645554155111313,"y":-0.008290850557386876,"z":0.001379869063384831,"w":-0.9863526821136475},"size":13.557558059692383,"orthographic":false}