{"cameraMode":{"drawMode":0,"name":"Shaded","section":"Shading Mode"},"sceneLighting":false,"audioPlay":false,"sceneViewState":{"showFog":true,"showMaterialUpdate":false,"showSkybox":false,"showFlares":true,"showImageEffects":true,"showParticleSystems":true,"showVisualEffectGraphs":true,"m_FxEnabled":true},"in2DMode":false,"pivot":{"x":-0.013741880655288697,"y":-0.024723589420318605,"z":0.12536334991455079},"rotation":{"x":-0.1509261131286621,"y":0.06282155215740204,"z":-0.009615994058549405,"w":-0.9865303635597229},"size":0.7973894476890564,"orthographic":false}