{"cameraMode":{"drawMode":0,"name":"Shaded","section":"Shading Mode"},"sceneLighting":false,"audioPlay":false,"sceneViewState":{"showFog":true,"showMaterialUpdate":false,"showSkybox":false,"showFlares":true,"showImageEffects":true,"showParticleSystems":true,"showVisualEffectGraphs":true,"m_FxEnabled":true},"in2DMode":false,"pivot":{"x":-0.38227567076683047,"y":5.069003105163574,"z":0.4457392692565918},"rotation":{"x":-0.04379735887050629,"y":-0.0009052268578670919,"z":0.00003503764310153201,"w":-0.9990703463554382},"size":4.844521999359131,"orthographic":false}